{"cameraMode":{"drawMode":0,"name":"Shaded","section":"Shading Mode"},"sceneLighting":false,"audioPlay":false,"sceneViewState":{"showFog":true,"showMaterialUpdate":false,"showSkybox":true,"showFlares":true,"showImageEffects":true,"showParticleSystems":true},"in2DMode":false,"pivot":{"x":22.7685546875,"y":13.750696182250977,"z":23.662206649780275},"rotation":{"x":0.10980145633220673,"y":0.8901267051696777,"z":-0.3066914975643158,"w":0.3186825215816498},"size":4.10929536819458,"orthographic":false}