{"cameraMode":{"drawMode":0,"name":"Shaded","section":"Shading Mode"},"sceneLighting":false,"audioPlay":false,"sceneViewState":{"showFog":true,"showMaterialUpdate":false,"showSkybox":true,"showFlares":true,"showImageEffects":true,"showParticleSystems":true},"in2DMode":false,"pivot":{"x":25.85873031616211,"y":15.270344734191895,"z":21.508867263793947},"rotation":{"x":0.10980145633220673,"y":0.8901267051696777,"z":-0.3066914975643158,"w":0.3186825215816498},"size":2.582078695297241,"orthographic":false}