{"cameraMode":{"drawMode":0,"name":"Shaded","section":"Shading Mode"},"sceneLighting":false,"audioPlay":false,"sceneViewState":{"showFog":true,"showMaterialUpdate":false,"showSkybox":true,"showFlares":true,"showImageEffects":true,"showParticleSystems":true},"in2DMode":false,"pivot":{"x":25.744150161743165,"y":14.877291679382325,"z":22.221071243286134},"rotation":{"x":0.10980145633220673,"y":0.8901267051696777,"z":-0.3066914975643158,"w":0.3186825215816498},"size":4.2599406242370609,"orthographic":false}