{"cameraMode":{"drawMode":0,"name":"Shaded","section":"Shading Mode"},"sceneLighting":false,"audioPlay":false,"sceneViewState":{"showFog":true,"showMaterialUpdate":false,"showSkybox":true,"showFlares":true,"showImageEffects":true,"showParticleSystems":true},"in2DMode":false,"pivot":{"x":24.999160766601564,"y":15.501270294189454,"z":22.377281188964845},"rotation":{"x":0.10980145633220673,"y":0.8901267051696777,"z":-0.3066914975643158,"w":0.3186825215816498},"size":5.772641658782959,"orthographic":false}