{"cameraMode":{"drawMode":0,"name":"Shaded","section":"Shading Mode"},"sceneLighting":true,"audioPlay":false,"sceneViewState":{"showFog":true,"showMaterialUpdate":false,"showSkybox":true,"showFlares":true,"showImageEffects":true,"showParticleSystems":true},"in2DMode":false,"pivot":{"x":11.548667907714844,"y":-8.442655563354493,"z":20.10145378112793},"rotation":{"x":0.4078265130519867,"y":0.1091412827372551,"z":-0.04917364567518234,"w":0.9051782488822937},"size":44.31970977783203,"orthographic":false}